x_position_of_agent,y_position_of_agent,action
40.0,31,1
40.0,32,1
40.0,33,1
40.0,34,1
40.0,35,1
40.0,36,1
40.0,37,1
40.0,38,1
40.0,39,1
40.0,40,1
40.0,41,1
40.0,42,1
40.0,43,1
40.0,44,1
40.0,45,1
40.0,46,1
40.0,47,1
40.0,48,1
40.0,49,1
40.0,50,1
40.0,51,1
40.0,52,1
40.0,53,1
40.0,54,1
40.0,55,1
40.0,56,1
40.0,57,1
40.0,58,1
40.0,59,1
40.0,60,1
40.0,61,1
40.0,62,1
40.0,63,1
40.0,64,1
40.0,65,1
40.0,66,1
40.0,67,1
40.0,68,1
40.0,69,1
40.0,70,1
40.0,71,1
40.0,72,1
40.0,73,1
40.0,74,1
40.0,75,1
40.0,76,1
40.0,77,1
40.0,78,1
40.0,79,1
40.0,80,1
40.0,81,1
40.0,82,1
40.0,83,1
40.0,84,1
40.0,85,1
40.0,86,1
40.0,87,1
40.0,88,1
40.0,89,1
40.0,90,1
40.0,91,1
40.0,92,1
40.0,93,1
40.0,94,1
40.0,95,1
40.0,96,1
40.0,97,1
40.0,98,1
40.0,99,1
40.0,100,1
40.0,101,1
40.0,102,1
40.0,103,1
40.0,104,1
40.0,105,1
40.0,106,1
40.0,107,1
40.0,108,1
40.0,109,1
40.0,110,1
40.0,111,1
40.0,112,1
40.0,113,1
40.0,114,1
40.0,115,1
40.0,116,1
40.0,117,1
40.0,118,1
40.0,119,1
40.0,120,1
40.0,121,1
40.0,122,1
40.0,123,1
40.0,124,1
40.0,125,1
40.0,126,1
40.0,127,1
40.0,128,1
40.0,129,1
40.0,130,1
40.0,131,1
40.0,132,1
40.0,133,1
40.0,134,1
40.0,135,1
40.0,136,1
40.0,137,1
40.0,138,1
40.0,139,1
40.0,140,1
40.0,141,1
40.0,142,1
40.0,143,1
40.0,144,1
40.0,145,1
40.0,146,1
40.0,147,1
40.0,148,1
40.0,149,1
40.0,150,1
40.0,151,1
40.0,152,1
40.0,153,1
40.0,154,1
40.0,155,1
40.0,156,1
40.0,157,1
40.0,158,1
40.0,159,1
40.0,160,1
40.0,161,1
40.0,162,1
40.0,163,1
40.0,164,1
40.0,165,1
40.0,166,1
40.0,167,1
40.0,168,1
40.0,169,1
40.0,170,1
40.0,171,1
40.0,172,1
40.0,173,1
40.0,174,1
40.0,175,1
40.0,176,1
40.0,177,1
40.0,178,1
40.0,179,1
40.0,180,1
40.0,181,1
40.0,182,1
40.0,183,1
40.0,184,1
40.0,185,1
40.0,186,1
40.0,187,1
40.0,188,1
40.0,189,1
40.0,190,1
40.0,191,1
40.0,192,1
40.0,193,1
40.0,194,1
40.0,195,1
40.0,196,1
40.0,197,1
40.0,198,1
40.0,199,1
40.0,200,1
40.0,201,1
40.0,202,1
40.0,203,1
40.0,204,1
40.0,205,1
40.0,206,1
40.0,207,1
40.0,208,1
40.0,209,1
40.0,210,1
40.0,211,1
40.0,212,1
40.0,213,1
40.0,214,1
40.0,215,1
40.0,216,1
40.0,217,1
40.0,218,1
40.0,219,1
40.0,220,1
40.0,221,1
40.0,222,1
40.0,223,1
40.0,224,1
40.0,225,1
40.0,226,1
40.0,227,1
40.0,228,1
40.0,229,1
40.0,230,1
40.0,231,1
40.0,232,1
40.0,233,1
40.0,234,1
40.0,235,1
40.0,236,1
40.0,237,1
40.0,238,1
40.0,239,1
40.0,240,1
40.0,241,1
40.0,242,1
40.0,243,1
40.0,244,1
40.0,245,1
40.0,246,1
40.0,247,1
40.0,248,1
40.0,249,1
40.0,250,1
40.0,251,1
40.0,252,1
40.0,253,1
40.0,254,1
40.0,255,1
40.0,256,1
40.0,257,1
40.0,258,1
40.0,259,1
40.0,260,1
40.0,261,1
40.0,262,1
40.0,263,1
40.0,264,1
40.0,265,1
40.0,266,1
40.0,267,1
40.0,268,1
40.0,269,1
40.0,270,1
40.0,271,1
40.0,272,1
40.0,273,1
40.0,274,1
40.0,275,1
40.0,276,1
40.0,277,1
40.0,278,1
40.0,279,1
40.0,280,1
40.0,281,1
40.0,282,1
40.0,283,1
40.0,284,1
40.0,285,1
40.0,286,1
40.0,287,1
40.0,288,1
40.0,289,1
40.0,290,1
40.0,291,1
40.0,292,1
40.0,293,1
40.0,294,1
40.0,295,1
40.0,296,1
40.0,297,1
40.0,298,1
40.0,299,1
40.0,300,1
40.0,301,1
40.0,302,1
40.0,303,1
40.0,304,1
40.0,305,1
40.0,306,1
40.0,307,1
40.0,308,1
40.0,309,1
40.0,310,1
40.0,311,1
40.0,312,1
40.0,313,1
40.0,314,1
40.0,315,1
40.0,316,1
40.0,317,1
40.0,318,1
40.0,319,1
40.0,320,1
40.0,321,1
40.0,322,1
40.0,323,1
40.0,324,1
40.0,325,1
40.0,326,1
40.0,327,1
40.0,328,1
40.0,329,1
40.0,330,1
40.0,331,1
40.0,332,1
40.0,333,1
40.0,334,1
40.0,335,1
40.0,336,1
40.0,337,1
40.0,338,1
40.0,339,1
40.0,340,1
40.0,341,1
40.0,342,1
40.0,343,1
40.0,344,1
40.0,345,1
40.0,346,1
40.0,347,1
40.0,348,1
40.0,349,1
40.0,350,1
40.0,351,1
40.0,352,1
40.0,353,1
40.0,354,1
40.0,355,1
40.0,356,1
40.0,357,1
40.0,358,1
40.0,359,1
40.0,360,1
40.0,361,1
40.0,362,1
40.0,363,1
40.0,364,1
40.0,365,1
40.0,366,1
40.0,367,1
40.0,368,1
40.0,369,1
40.0,370,1
40.0,371,1
40.0,372,1
40.0,373,1
40.0,374,1
40.0,375,1
40.0,376,1
40.0,377,1
40.0,378,1
40.0,379,1
40.0,380,1
40.0,381,1
40.0,382,1
40.0,383,1
40.0,384,1
40.0,385,1
40.0,386,1
40.0,387,1
40.0,388,1
40.0,389,1
40.0,390,1
40.0,391,1
40.0,392,1
40.0,393,1
40.0,394,1
40.0,395,1
40.0,396,1
40.0,397,1
40.0,398,1
40.0,399,1
40.0,400,1
40.0,401,1
40.0,402,1
40.0,403,1
40.0,404,1
40.0,405,1
40.0,406,1
40.0,407,1
40.0,408,1
40.0,409,1
40.0,410,1
40.0,411,1
40.0,412,1
40.0,413,1
40.0,414,1
40.0,415,1
40.0,416,1
40.0,417,1
40.0,418,1
40.0,419,1
40.0,420,1
40.0,421,1
40.0,422,1
40.0,423,1
40.0,424,1
40.0,425,1
40.0,426,1
40.0,427,1
40.0,428,1
40.0,429,1
40.0,430,1
40.0,431,1
40.0,432,1
40.0,433,1
40.0,434,1
40.0,435,1
40.0,436,1
40.0,437,1
40.0,438,1
40.0,439,1
40.0,440,1
40.0,441,1
40.0,442,1
40.0,443,1
40.0,444,1
40.0,445,1
40.0,446,1
40.0,447,1
40.0,448,1
40.0,449,1
40.0,450,1
40.0,451,1
40.0,452,1
40.0,453,1
40.0,454,1
40.0,455,1
40.0,456,1
40.0,457,1
40.0,458,1
40.0,459,1
40.0,460,1
40.0,461,1
40.0,462,1
40.0,463,1
40.0,464,1
40.0,465,1
40.0,466,1
40.0,467,1
40.0,468,1
40.0,469,1
40.0,470,1
40.0,471,1
40.0,472,1
40.0,473,1
40.0,474,1
40.0,475,1
40.0,476,1
40.0,477,1
40.0,478,1
40.0,479,1
40.0,480,1
40.0,481,1
40.0,482,1
40.0,483,1
40.0,484,1
40.0,485,1
40.0,486,1
40.0,487,1
40.0,488,1
40.0,489,1
40.0,490,1
40.0,491,1
40.0,492,1
40.0,493,1
40.0,494,1
40.0,495,1
40.0,496,1
40.0,497,1
40.0,498,1
40.0,499,1
40.0,500,1
40.0,501,1
40.0,502,1
40.0,503,1
40.0,504,1
40.0,505,1
40.0,506,1
40.0,507,1
40.0,508,1
40.0,509,1
40.0,510,1
40.0,511,1
40.0,512,1
40.0,513,1
40.0,514,1
40.0,515,1
40.0,516,1
40.0,517,1
40.0,518,1
40.0,519,1
40.0,520,1
40.0,521,1
40.0,522,1
40.0,523,1
40.0,524,1
40.0,525,1
40.0,526,1
40.0,527,1
40.0,528,1
40.0,529,1
40.0,530,1
40.0,531,1
40.0,532,1
40.0,533,1
40.0,534,1
40.0,535,1
40.0,536,1
40.0,537,1
40.0,538,1
40.0,539,1
40.0,540,1
40.0,541,1
40.0,542,1
40.0,543,1
40.0,544,1
40.0,545,1
40.0,546,1
40.0,547,1
40.0,548,1
40.0,549,1
40.0,550,1
40.0,551,1
40.0,552,1
40.0,553,1
40.0,554,1
40.0,555,1
40.0,556,1
40.0,557,1
40.0,558,1
40.0,559,1
40.0,560,1
40.0,561,1
40.0,562,1
40.0,563,1
40.0,564,1
40.0,565,1
40.0,566,1
40.0,567,1
40.0,568,1
40.0,569,1
40.0,570,1
40.0,571,1
40.0,572,1
40.0,573,1
40.0,574,1
40.0,575,1
40.0,576,1
40.0,577,1
40.0,578,1
40.0,579,1
40.0,580,1
40.0,581,1
40.0,582,1
40.0,583,1
40.0,584,1
40.0,585,1
40.0,586,1
40.0,587,1
40.0,588,1
40.0,589,1
40.0,590,1
40.0,591,1
40.0,592,1
40.0,593,1
40.0,594,1
40.0,595,1
40.0,596,1
40.0,597,1
40.0,598,1
40.0,599,1
40.0,600,1
40.0,601,1
40.0,602,1
40.0,603,1
40.0,604,1
40.0,605,1
40.0,606,1
40.0,607,1
40.0,608,1
40.0,609,1
40.0,610,1
40.0,611,1
40.0,612,1
40.0,613,1
40.0,614,1
40.0,615,1
40.0,616,1
40.0,617,1
40.0,618,1
40.0,619,1
40.0,620,1
40.0,621,1
40.0,622,1
40.0,623,1
40.0,624,1
40.0,625,1
40.0,626,1
40.0,627,1
40.0,628,1
40.0,629,1
40.0,630,1
40.0,631,1
40.0,632,1
40.0,633,1
40.0,634,1
40.0,635,1
40.0,636,1
40.0,637,1
40.0,638,1
40.0,639,1
40.0,640,1
40.0,641,1
40.0,642,1
40.0,643,1
40.0,644,1
40.0,645,1
40.0,646,1
40.0,647,1
40.0,648,1
40.0,649,1
40.0,650,1
40.0,651,1
40.0,652,1
40.0,653,1
40.0,654,1
40.0,655,1
40.0,656,1
40.0,657,1
40.0,658,1
40.0,659,1
40.0,660,1
40.0,661,1
40.0,662,1
40.0,663,1
40.0,664,1
40.0,665,1
40.0,666,1
40.0,667,1
40.0,668,1
40.0,669,1
40.0,670,1
40.0,671,1
40.0,672,1
40.0,673,1
40.0,674,1
40.0,675,1
40.0,676,1
40.0,677,1
40.0,678,1
40.0,679,1
40.0,680,1
40.0,681,1
40.0,682,1
40.0,683,1
40.0,684,1
40.0,685,1
40.0,686,1
40.0,687,1
40.0,688,1
40.0,689,1
40.0,690,1
40.0,691,1
40.0,692,1
40.0,693,1
40.0,694,1
40.0,695,1
40.0,696,1
40.0,697,1
40.0,698,1
40.0,699,1
40.0,700,1
40.0,701,1
40.0,702,1
40.0,703,1
40.0,704,1
40.0,705,1
40.0,706,1
40.0,707,1
40.0,708,1
40.0,709,1
40.0,710,1
40.0,711,1
40.0,712,1
40.0,713,1
40.0,714,1
40.0,715,1
40.0,716,1
40.0,717,1
40.0,718,1
40.0,719,1
40.0,720,1
40.0,721,1
40.0,722,1
40.0,723,1
40.0,724,1
40.0,725,1
40.0,726,1
40.0,727,1
40.0,728,1
40.0,729,1
40.0,730,1
40.0,731,1
40.0,732,1
40.0,733,1
40.0,734,1
40.0,735,1
40.0,736,1
40.0,737,1
40.0,738,1
40.0,739,1
40.0,740,1
40.0,741,1
40.0,742,1
40.0,743,1
40.0,744,1
40.0,745,1
40.0,746,1
40.0,747,1
40.0,748,1
40.0,749,1
40.0,750,1
40.0,751,1
40.0,752,1
40.0,753,1
40.0,754,1
40.0,755,1
40.0,756,1
40.0,757,1
40.0,758,1
40.0,759,1
40.0,760,1
40.0,761,1
40.0,762,1
40.0,763,1
40.0,764,1
40.0,765,1
40.0,766,1
40.0,767,1
40.0,768,1
40.0,769,1
40.0,770,1
40.0,771,1
40.0,772,1
40.0,773,1
40.0,774,1
40.0,775,1
40.0,776,1
40.0,777,1
40.0,778,1
40.0,779,1
40.0,780,1
40.0,781,1
40.0,782,1
40.0,783,1
40.0,784,1
40.0,785,1
40.0,786,1
40.0,787,1
40.0,788,1
40.0,789,1
40.0,790,1
40.0,791,1
40.0,792,1
40.0,793,1
40.0,794,1
40.0,795,1
40.0,796,1
40.0,797,1
40.0,798,1
40.0,799,1
40.0,800,1
40.0,801,1
40.0,802,1
40.0,803,1
40.0,804,1
40.0,805,1
40.0,806,1
40.0,807,1
40.0,808,1
40.0,809,1
40.0,810,1
40.0,811,1
40.0,812,1
40.0,813,1
40.0,814,1
40.0,815,1
40.0,816,1
40.0,817,1
40.0,818,1
40.0,819,1
40.0,820,1
40.0,821,1
40.0,822,1
40.0,823,1
40.0,824,1
40.0,825,1
40.0,826,1
40.0,827,1
40.0,828,1
40.0,829,1
40.0,830,1
40.0,831,1
40.0,832,1
40.0,833,1
40.0,834,1
40.0,835,1
40.0,836,1
40.0,837,1
40.0,838,1
40.0,839,1
40.0,840,1
40.0,841,1
40.0,842,1
40.0,843,1
40.0,844,1
40.0,845,1
40.0,846,1
40.0,847,1
40.0,848,1
40.0,849,1
40.0,850,1
40.0,851,1
40.0,852,1
40.0,853,1
40.0,854,1
40.0,855,1
40.0,856,1
40.0,857,1
40.0,858,1
40.0,859,1
40.0,860,1
40.0,861,1
40.0,862,1
40.0,863,1
40.0,864,1
40.0,865,1
40.0,866,1
40.0,867,1
40.0,868,1
40.0,869,1
40.0,870,1
40.0,871,1
40.0,872,1
40.0,873,1
40.0,874,1
40.0,875,1
40.0,876,1
40.0,877,1
40.0,878,1
40.0,879,1
40.0,880,1
40.0,881,1
40.0,882,1
40.0,883,1
40.0,884,1
40.0,885,1
40.0,886,1
40.0,887,1
40.0,888,1
40.0,889,1
40.0,890,1
40.0,891,1
40.0,892,1
40.0,893,1
40.0,894,1
40.0,895,1
40.0,896,1
40.0,897,1
40.0,898,1
40.0,899,1
40.0,900,1
40.0,901,1
40.0,902,1
40.0,903,1
40.0,904,1
40.0,905,1
40.0,906,1
40.0,907,1
40.0,908,1
40.0,909,1
40.0,910,1
40.0,911,1
40.0,912,1
40.0,913,1
40.0,914,1
40.0,915,1
40.0,916,1
40.0,917,1
40.0,918,1
40.0,919,1
40.0,920,1
40.0,921,1
40.0,922,1
40.0,923,1
40.0,924,1
40.0,925,1
40.0,926,1
40.0,927,1
40.0,928,1
40.0,929,1
40.0,930,1
40.0,931,1
40.0,932,1
40.0,933,1
40.0,934,1
40.0,935,1
40.0,936,1
40.0,937,1
40.0,938,1
40.0,939,1
40.0,940,1
40.0,941,1
40.0,942,1
40.0,943,1
40.0,944,1
40.0,945,1
40.0,946,1
40.0,947,1
40.0,948,1
40.0,949,1
40.0,950,1
40.0,951,1
40.0,952,1
40.0,953,1
40.0,954,1
40.0,955,1
40.0,956,1
40.0,957,1
40.0,958,1
40.0,959,1
40.0,960,1
40.0,961,1
40.0,962,1
40.0,963,1
40.0,964,1
40.0,965,1
40.0,966,1
40.0,967,1
40.0,968,1
40.0,969,1
40.0,970,1
40.0,971,1
40.0,972,1
40.0,973,1
40.0,974,1
40.0,975,1
40.0,976,1
40.0,977,1
40.0,978,1
40.0,979,1
40.0,980,1
40.0,981,1
40.0,982,1
40.0,983,1
40.0,984,1
40.0,985,1
40.0,986,1
40.0,987,1
40.0,988,1
40.0,989,1
40.0,990,1
40.0,991,1
40.0,992,1
40.0,993,1
40.0,994,1
40.0,995,1
40.0,996,1
40.0,997,1
40.0,998,1
40.0,999,1
40.0,1000,1
40.0,1001,1
40.0,1002,1
40.0,1003,1
40.0,1004,1
40.0,1005,1
40.0,1006,1
40.0,1007,1
40.0,1008,1
40.0,1009,1
40.0,1010,1
40.0,1011,1
40.0,1012,1
40.0,1013,1
40.0,1014,1
40.0,1015,1
40.0,1016,1
40.0,1017,1
40.0,1018,1
40.0,1019,1
40.0,1020,1
40.0,1021,1
40.0,1022,1
40.0,1023,1
40.0,1024,1
40.0,1025,1
40.0,1026,1
40.0,1027,1
40.0,1028,1
40.0,1029,1
40.0,1030,1
40.0,1031,1
40.0,1032,1
40.0,1033,1
40.0,1034,1
40.0,1035,1
40.0,1036,1
40.0,1037,1
40.0,1038,1
40.0,1039,1
40.0,1040,1
40.0,1041,1
40.0,1042,1
40.0,1043,1
40.0,1044,1
40.0,1045,1
40.0,1046,1
40.0,1047,1
40.0,1048,1
40.0,1049,1
40.0,1050,1
40.0,1051,1
40.0,1052,1
40.0,1053,1
40.0,1054,1
40.0,1055,1
40.0,1056,1
40.0,1057,1
40.0,1058,1
40.0,1059,1
40.0,1060,1
40.0,1061,1
40.0,1062,1
40.0,1063,1
40.0,1064,1
40.0,1065,1
40.0,1066,1
40.0,1067,1
40.0,1068,1
40.0,1069,1
40.0,1070,1
40.0,1071,1
40.0,1072,1
40.0,1073,1
40.0,1074,1
40.0,1075,1
40.0,1076,1
40.0,1077,1
40.0,1078,1
40.0,1079,1
40.0,1080,1
40.0,1081,1
40.0,1082,1
40.0,1083,1
40.0,1084,1
40.0,1085,1
40.0,1086,1
40.0,1087,1
40.0,1088,1
40.0,1089,1
40.0,1090,1
40.0,1091,1
40.0,1092,1
40.0,1093,1
40.0,1094,1
40.0,1095,1
40.0,1096,1
40.0,1097,1
40.0,1098,1
40.0,1099,1
40.0,1100,1
40.0,1101,1
40.0,1102,1
40.0,1103,1
40.0,1104,1
40.0,1105,1
40.0,1106,1
40.0,1107,1
40.0,1108,1
40.0,1109,1
40.0,1110,1
40.0,1111,1
40.0,1112,1
40.0,1113,1
40.0,1114,1
40.0,1115,1
40.0,1116,1
40.0,1117,1
40.0,1118,1
40.0,1119,1
40.0,1120,1
40.0,1121,1
40.0,1122,1
40.0,1123,1
40.0,1124,1
40.0,1125,1
40.0,1126,1
40.0,1127,1
40.0,1128,1
40.0,1129,1
40.0,1130,1
40.0,1131,1
40.0,1132,1
40.0,1133,1
40.0,1134,1
40.0,1135,1
40.0,1136,1
40.0,1137,1
40.0,1138,1
40.0,1139,1
40.0,1140,1
40.0,1141,1
40.0,1142,1
40.0,1143,1
40.0,1144,1
40.0,1145,1
40.0,1146,1
40.0,1147,1
40.0,1148,1
40.0,1149,1
40.0,1150,1
40.0,1151,1
40.0,1152,1
40.0,1153,1
40.0,1154,1
40.0,1155,1
40.0,1156,1
40.0,1157,1
40.0,1158,1
40.0,1159,1
40.0,1160,1
40.0,1161,1
40.0,1162,1
40.0,1163,1
40.0,1164,1
40.0,1165,1
40.0,1166,1
40.0,1167,1
40.0,1168,1
40.0,1169,1
40.0,1170,1
40.0,1171,1
40.0,1172,1
40.0,1173,1
40.0,1174,1
40.0,1175,1
40.0,1176,1
40.0,1177,1
40.0,1178,1
40.0,1179,1
40.0,1180,1
40.0,1181,1
40.0,1182,1
40.0,1183,1
40.0,1184,1
40.0,1185,1
40.0,1186,1
40.0,1187,1
40.0,1188,1
40.0,1189,1
40.0,1190,1
40.0,1191,1
40.0,1192,1
40.0,1193,1
40.0,1194,1
40.0,1195,1
40.0,1196,1
40.0,1197,1
40.0,1198,1
40.0,1199,1
40.0,1200,1
40.0,1201,1
40.0,1202,1
40.0,1203,1
40.0,1204,1
40.0,1205,1
40.0,1206,1
40.0,1207,1
40.0,1208,1
40.0,1209,1
40.0,1210,1
40.0,1211,1
40.0,1212,1
40.0,1213,1
40.0,1214,1
40.0,1215,1
40.0,1216,1
40.0,1217,1
40.0,1218,1
40.0,1219,1
40.0,1220,1
40.0,1221,1
40.0,1222,1
40.0,1223,1
40.0,1224,1
40.0,1225,1
40.0,1226,1
40.0,1227,1
40.0,1228,1
40.0,1229,1
40.0,1230,1
40.0,1231,1
40.0,1232,1
40.0,1233,1
40.0,1234,1
40.0,1235,1
40.0,1236,1
40.0,1237,1
40.0,1238,1
40.0,1239,1
40.0,1240,1
40.0,1241,1
40.0,1242,1
40.0,1243,1
40.0,1244,1
40.0,1245,1
40.0,1246,1
40.0,1247,1
40.0,1248,1
40.0,1249,1
40.0,1250,1
40.0,1251,1
40.0,1252,1
40.0,1253,1
40.0,1254,1
40.0,1255,1
40.0,1256,1
40.0,1257,1
40.0,1258,1
40.0,1259,1
40.0,1260,1
40.0,1261,1
40.0,1262,1
40.0,1263,1
40.0,1264,1
40.0,1265,1
40.0,1266,1
40.0,1267,1
40.0,1268,1
40.0,1269,1
40.0,1270,1
40.0,1271,1
40.0,1272,1
40.0,1273,1
40.0,1274,1
40.0,1275,1
40.0,1276,1
40.0,1277,1
40.0,1278,1
40.0,1279,1
40.0,1280,1
40.0,1281,1
40.0,1282,1
40.0,1283,1
40.0,1284,1
40.0,1285,1
40.0,1286,1
40.0,1287,1
40.0,1288,1
40.0,1289,1
40.0,1290,1
40.0,1291,1
40.0,1292,1
40.0,1293,1
40.0,1294,1
40.0,1295,1
40.0,1296,1
40.0,1297,1
40.0,1298,1
40.0,1299,1
40.0,1300,1
40.0,1301,1
40.0,1302,1
40.0,1303,1
40.0,1304,1
40.0,1305,1
40.0,1306,1
40.0,1307,1
40.0,1308,1
40.0,1309,1
40.0,1310,1
40.0,1311,1
40.0,1312,1
40.0,1313,1
40.0,1314,1
40.0,1315,1
40.0,1316,1
40.0,1317,1
40.0,1318,1
40.0,1319,1
40.0,1320,1
40.0,1321,1
40.0,1322,1
40.0,1323,1
40.0,1324,1
40.0,1325,1
40.0,1326,1
40.0,1327,1
40.0,1328,1
40.0,1329,1
40.0,1330,1
40.0,1331,1
40.0,1332,1
40.0,1333,1
40.0,1334,1
40.0,1335,1
40.0,1336,1
40.0,1337,1
40.0,1338,1
40.0,1339,1
40.0,1340,1
40.0,1341,1
40.0,1342,1
40.0,1343,1
40.0,1344,1
40.0,1345,1
40.0,1346,1
40.0,1347,1
40.0,1348,1
40.0,1349,1
40.0,1350,1
40.0,1351,1
40.0,1352,1
40.0,1353,1
40.0,1354,1
40.0,1355,1
40.0,1356,1
40.0,1357,1
40.0,1358,1
40.0,1359,1
40.0,1360,1
40.0,1361,1
40.0,1362,1
40.0,1363,1
40.0,1364,1
40.0,1365,1
40.0,1366,1
40.0,1367,1
40.0,1368,1
40.0,1369,1
40.0,1370,1
40.0,1371,1
40.0,1372,1
40.0,1373,1
40.0,1374,1
40.0,1375,1
40.0,1376,1
40.0,1377,1
40.0,1378,1
40.0,1379,1
40.0,1380,1
40.0,1381,1
40.0,1382,1
40.0,1383,1
40.0,1384,1
40.0,1385,1
40.0,1386,1
40.0,1387,1
40.0,1388,1
40.0,1389,1
40.0,1390,1
40.0,1391,1
40.0,1392,1
40.0,1393,1
40.0,1394,1
40.0,1395,1
40.0,1396,1
40.0,1397,1
40.0,1398,1
40.0,1399,1
40.0,1400,1
40.0,1401,1
40.0,1402,1
40.0,1403,1
40.0,1404,1
40.0,1405,1
40.0,1406,1
40.0,1407,1
40.0,1408,1
40.0,1409,1
40.0,1410,1
40.0,1411,1
40.0,1412,1
40.0,1413,1
40.0,1414,1
40.0,1415,1
40.0,1416,1
40.0,1417,1
40.0,1418,1
40.0,1419,1
40.0,1420,1
40.0,1421,1
40.0,1422,1
40.0,1423,1
40.0,1424,1
40.0,1425,1
40.0,1426,1
40.0,1427,1
40.0,1428,1
40.0,1429,1
40.0,1430,1
40.0,1431,1
40.0,1432,1
40.0,1433,1
40.0,1434,1
40.0,1435,1
40.0,1436,1
40.0,1437,1
40.0,1438,1
40.0,1439,1
40.0,1440,1
40.0,1441,1
40.0,1442,1
40.0,1443,1
40.0,1444,1
40.0,1445,1
40.0,1446,1
40.0,1447,1
40.0,1448,1
40.0,1449,1
40.0,1450,1
40.0,1451,1
40.0,1452,1
40.0,1453,1
40.0,1454,1
40.0,1455,1
40.0,1456,1
40.0,1457,1
40.0,1458,1
40.0,1459,1
40.0,1460,1
40.0,1461,1
40.0,1462,1
40.0,1463,1
40.0,1464,1
40.0,1465,1
40.0,1466,1
40.0,1467,1
40.0,1468,1
40.0,1469,1
40.0,1470,1
40.0,1471,1
40.0,1472,1
40.0,1473,1
40.0,1474,1
40.0,1475,1
40.0,1476,1
40.0,1477,1
40.0,1478,1
40.0,1479,1
40.0,1480,1
40.0,1481,1
40.0,1482,1
40.0,1483,1
40.0,1484,1
40.0,1485,1
40.0,1486,1
40.0,1487,1
40.0,1488,1
40.0,1489,1
40.0,1490,1
40.0,1491,1
40.0,1492,1
40.0,1493,1
40.0,1494,1
40.0,1495,1
40.0,1496,1
40.0,1497,1
40.0,1498,1
40.0,1499,1
40.0,1500,1
40.0,1501,1
40.0,1502,1
40.0,1503,1
40.0,1504,1
40.0,1505,1
40.0,1506,1
40.0,1507,1
40.0,1508,1
40.0,1509,1
40.0,1510,1
40.0,1511,1
40.0,1512,1
40.0,1513,1
40.0,1514,1
40.0,1515,1
40.0,1516,1
40.0,1517,1
40.0,1518,1
40.0,1519,1
40.0,1520,1
40.0,1521,1
40.0,1522,1
40.0,1523,1
40.0,1524,1
40.0,1525,1
40.0,1526,1
40.0,1527,1
40.0,1528,1
40.0,1529,1
40.0,1530,1
40.0,1531,1
40.0,1532,1
40.0,1533,1
40.0,1534,1
40.0,1535,1
40.0,1536,1
40.0,1537,1
40.0,1538,1
40.0,1539,1
40.0,1540,1
40.0,1541,1
40.0,1542,1
40.0,1543,1
40.0,1544,1
40.0,1545,1
40.0,1546,1
40.0,1547,1
40.0,1548,1
40.0,1549,1
40.0,1550,1
40.0,1551,1
40.0,1552,1
40.0,1553,1
40.0,1554,1
40.0,1555,1
40.0,1556,1
40.0,1557,1
40.0,1558,1
40.0,1559,1
40.0,1560,1
40.0,1561,1
40.0,1562,1
40.0,1563,1
40.0,1564,1
40.0,1565,1
40.0,1566,1
40.0,1567,1
40.0,1568,1
40.0,1569,1
40.0,1570,1
40.0,1571,1
40.0,1572,1
40.0,1573,1
40.0,1574,1
40.0,1575,1
40.0,1576,1
40.0,1577,1
40.0,1578,1
40.0,1579,1
40.0,1580,1
40.0,1581,1
40.0,1582,1
40.0,1583,1
40.0,1584,1
40.0,1585,1
40.0,1586,1
40.0,1587,1
40.0,1588,1
40.0,1589,1
40.0,1590,1
40.0,1591,1
40.0,1592,1
40.0,1593,1
40.0,1594,1
40.0,1595,1
40.0,1596,1
40.0,1597,1
40.0,1598,1
40.0,1599,1
40.0,1600,1
40.0,1601,1
40.0,1602,1
40.0,1603,1
40.0,1604,1
40.0,1605,1
40.0,1606,1
40.0,1607,1
40.0,1608,1
40.0,1609,1
40.0,1610,1
40.0,1611,1
40.0,1612,1
40.0,1613,1
40.0,1614,1
40.0,1615,1
40.0,1616,1
40.0,1617,1
40.0,1618,1
40.0,1619,1
40.0,1620,1
40.0,1621,1
40.0,1622,1
40.0,1623,1
40.0,1624,1
40.0,1625,1
40.0,1626,1
40.0,1627,1
40.0,1628,1
40.0,1629,1
40.0,1630,1
40.0,1631,1
40.0,1632,1
40.0,1633,1
40.0,1634,1
40.0,1635,1
40.0,1636,1
40.0,1637,1
40.0,1638,1
40.0,1639,1
40.0,1640,1
40.0,1641,1
40.0,1642,1
40.0,1643,1
40.0,1644,1
40.0,1645,1
40.0,1646,1
40.0,1647,1
40.0,1648,1
40.0,1649,1
40.0,1650,1
40.0,1651,1
40.0,1652,1
40.0,1653,1
40.0,1654,1
40.0,1655,1
40.0,1656,1
40.0,1657,1
40.0,1658,1
40.0,1659,1
40.0,1660,1
40.0,1661,1
40.0,1662,1
40.0,1663,1
40.0,1664,1
40.0,1665,1
40.0,1666,1
40.0,1667,1
40.0,1668,1
40.0,1669,1
40.0,1670,1
40.0,1671,1
40.0,1672,1
40.0,1673,1
40.0,1674,1
40.0,1675,1
40.0,1676,1
40.0,1677,1
40.0,1678,1
40.0,1679,1
40.0,1680,1
40.0,1681,1
40.0,1682,1
40.0,1683,1
40.0,1684,1
40.0,1685,1
40.0,1686,1
40.0,1687,1
40.0,1688,1
40.0,1689,1
40.0,1690,1
40.0,1691,1
40.0,1692,1
40.0,1693,1
40.0,1694,1
40.0,1695,1
40.0,1696,1
40.0,1697,1
40.0,1698,1
40.0,1699,1
40.0,1700,1
40.0,1701,1
40.0,1702,1
40.0,1703,1
40.0,1704,1
40.0,1705,1
40.0,1706,1
40.0,1707,1
40.0,1708,1
40.0,1709,1
40.0,1710,1
40.0,1711,1
40.0,1712,1
40.0,1713,1
40.0,1714,1
40.0,1715,1
40.0,1716,1
40.0,1717,1
40.0,1718,1
40.0,1719,1
40.0,1720,1
40.0,1721,1
40.0,1722,1
40.0,1723,1
40.0,1724,1
40.0,1725,1
40.0,1726,1
40.0,1727,1
40.0,1728,1
40.0,1729,1
40.0,1730,1
40.0,1731,1
40.0,1732,1
40.0,1733,1
40.0,1734,1
40.0,1735,1
40.0,1736,1
40.0,1737,1
40.0,1738,1
40.0,1739,1
40.0,1740,1
40.0,1741,1
40.0,1742,1
40.0,1743,1
40.0,1744,1
40.0,1745,1
40.0,1746,1
40.0,1747,1
40.0,1748,1
40.0,1749,1
40.0,1750,1
40.0,1751,1
40.0,1752,1
40.0,1753,1
40.0,1754,1
40.0,1755,1
40.0,1756,1
40.0,1757,1
40.0,1758,1
40.0,1759,1
40.0,1760,1
40.0,1761,1
40.0,1762,1
40.0,1763,1
40.0,1764,1
40.0,1765,1
40.0,1766,1
40.0,1767,1
40.0,1768,1
40.0,1769,1
40.0,1770,1
40.0,1771,1
40.0,1772,1
40.0,1773,1
40.0,1774,1
40.0,1775,1
40.0,1776,1
40.0,1777,1
40.0,1778,1
40.0,1779,1
40.0,1780,1
40.0,1781,1
40.0,1782,1
40.0,1783,1
40.0,1784,1
40.0,1785,1
40.0,1786,1
40.0,1787,1
40.0,1788,1
40.0,1789,1
40.0,1790,1
40.0,1791,1
40.0,1792,1
40.0,1793,1
40.0,1794,1
40.0,1795,1
40.0,1796,1
40.0,1797,1
40.0,1798,1
40.0,1799,1
40.0,1800,1
40.0,1801,1
40.0,1802,1
40.0,1803,1
40.0,1804,1
40.0,1805,1
40.0,1806,1
40.0,1807,1
40.0,1808,1
40.0,1809,1
40.0,1810,1
40.0,1811,1
40.0,1812,1
40.0,1813,1
40.0,1814,1
40.0,1815,1
40.0,1816,1
40.0,1817,1
40.0,1818,1
40.0,1819,1
40.0,1820,1
40.0,1821,1
40.0,1822,1
40.0,1823,1
40.0,1824,1
40.0,1825,1
40.0,1826,1
40.0,1827,1
40.0,1828,1
40.0,1829,1
40.0,1830,1
40.0,1831,1
40.0,1832,1
40.0,1833,1
40.0,1834,1
40.0,1835,1
40.0,1836,1
40.0,1837,1
40.0,1838,1
40.0,1839,1
40.0,1840,1
40.0,1841,1
40.0,1842,1
40.0,1843,1
40.0,1844,1
40.0,1845,1
40.0,1846,1
40.0,1847,1
40.0,1848,1
40.0,1849,1
40.0,1850,1
40.0,1851,1
40.0,1852,1
40.0,1853,1
40.0,1854,1
40.0,1855,1
40.0,1856,1
40.0,1857,1
40.0,1858,1
40.0,1859,1
40.0,1860,1
40.0,1861,1
40.0,1862,1
40.0,1863,1
40.0,1864,1
40.0,1865,1
40.0,1866,1
40.0,1867,1
40.0,1868,1
40.0,1869,1
40.0,1870,1
40.0,1871,1
40.0,1872,1
40.0,1873,1
40.0,1874,1
40.0,1875,1
40.0,1876,1
40.0,1877,1
40.0,1878,1
40.0,1879,1
40.0,1880,1
40.0,1881,1
40.0,1882,1
40.0,1883,1
40.0,1884,1
40.0,1885,1
40.0,1886,1
40.0,1887,1
40.0,1888,1
40.0,1889,1
40.0,1890,1
40.0,1891,1
40.0,1892,1
40.0,1893,1
40.0,1894,1
40.0,1895,1
40.0,1896,1
40.0,1897,1
40.0,1898,1
40.0,1899,1
40.0,1900,1
40.0,1901,1
40.0,1902,1
40.0,1903,1
40.0,1904,1
40.0,1905,1
40.0,1906,1
40.0,1907,1
40.0,1908,1
40.0,1909,1
40.0,1910,1
40.0,1911,1
40.0,1912,1
40.0,1913,1
40.0,1914,1
40.0,1915,1
40.0,1916,1
40.0,1917,1
40.0,1918,1
40.0,1919,1
40.0,1920,1
40.0,1921,1
40.0,1922,1
40.0,1923,1
40.0,1924,1
40.0,1925,1
40.0,1926,1
40.0,1927,1
40.0,1928,1
40.0,1929,1
40.0,1930,1
40.0,1931,1
40.0,1932,1
40.0,1933,1
40.0,1934,1
40.0,1935,1
40.0,1936,1
40.0,1937,1
40.0,1938,1
40.0,1939,1
40.0,1940,1
40.0,1941,1
40.0,1942,1
40.0,1943,1
40.0,1944,1
40.0,1945,1
40.0,1946,1
40.0,1947,1
40.0,1948,1
40.0,1949,1
40.0,1950,1
40.0,1951,1
40.0,1952,1
40.0,1953,1
40.0,1954,1
40.0,1955,1
40.0,1956,1
40.0,1957,1
40.0,1958,1
40.0,1959,1
40.0,1960,1
40.0,1961,1
40.0,1962,1
40.0,1963,1
40.0,1964,1
40.0,1965,1
40.0,1966,1
40.0,1967,1
40.0,1968,1
40.0,1969,1
40.0,1970,1
40.0,1971,1
40.0,1972,1
40.0,1973,1
40.0,1974,1
40.0,1975,1
40.0,1976,1
40.0,1977,1
40.0,1978,1
40.0,1979,1
40.0,1980,1
40.0,1981,1
40.0,1982,1
40.0,1983,1
40.0,1984,1
40.0,1985,1
40.0,1986,1
40.0,1987,1
40.0,1988,1
40.0,1989,1
40.0,1990,1
40.0,1991,1
40.0,1992,1
40.0,1993,1
40.0,1994,1
40.0,1995,1
40.0,1996,1
40.0,1997,1
40.0,1998,1
40.0,1999,1
40.0,2000,1
40.0,2001,1
40.0,2002,1
40.0,2003,1
40.0,2004,1
40.0,2005,1
40.0,2006,1
40.0,2007,1
40.0,2008,1
40.0,2009,1
40.0,2010,1
40.0,2011,1
40.0,2012,1
40.0,2013,1
40.0,2014,1
40.0,2015,1
40.0,2016,1
40.0,2017,1
40.0,2018,1
40.0,2019,1
40.0,2020,1
40.0,2021,1
40.0,2022,1
40.0,2023,1
40.0,2024,1
40.0,2025,1
40.0,2026,1
40.0,2027,1
40.0,2028,1
40.0,2029,1
40.0,2030,1
40.0,2031,1
40.0,2032,1
40.0,2033,1
40.0,2034,1
40.0,2035,1
40.0,2036,1
40.0,2037,1
40.0,2038,1
40.0,2039,1
40.0,2040,1
40.0,2041,1
40.0,2042,1
40.0,2043,1
40.0,2044,1
40.0,2045,1
40.0,2046,1
40.0,2047,1
40.0,2048,1
40.0,2049,1
40.0,2050,1
40.0,2051,1
40.0,2052,1
40.0,2053,1
40.0,2054,1
40.0,2055,1
40.0,2056,1
40.0,2057,1
40.0,2058,1
40.0,2059,1
40.0,2060,1
40.0,2061,1
40.0,2062,1
40.0,2063,1
40.0,2064,1
40.0,2065,1
40.0,2066,1
40.0,2067,1
40.0,2068,1
40.0,2069,1
40.0,2070,1